,precision,recall,f1-score,support
Netoxický,0.8156996587030717,0.478,0.6027742749054223,500.0
Toxický,0.6308345120226309,0.892,0.7390223695111847,500.0
accuracy,0.685,0.685,0.685,0.685
macro avg,0.7232670853628513,0.685,0.6708983222083036,1000.0
weighted avg,0.7232670853628512,0.685,0.6708983222083035,1000.0
